collection_name,slug,description,media_url,cultural_story,season,launch_date,status,source,crawl_at,error,content_json
Thanh Xuân,thanh-xuan,"Thanh Xuân là bộ sưu tập mùa hè của XÉO XỌ, gợi lại ký ức về nắng tháng sáu, tiếng ve, những khu vườn xanh và các thiết kế nhẹ nhàng dành cho những ngày thường trong trẻo.",https://xeoxo.com/vn/wp-content/uploads/sites/2/2026/06/DSC00657-1.jpg,"Mùa hè thường đến sau những cơn mưa cuối xuân. Khi mặt đất còn vương hơi ẩm nhưng nắng đã bắt đầu gay gắt hơn, cây cối trong vườn cũng xanh hơn và những chùm quả đầu mùa dần chín dưới ánh mặt trời. Không khí mang theo hương thơm của lá, của hoa và của những khu vườn ngập nắng. Trên những tán cây cao, tiếng ve bắt đầu ngân lên từ sáng sớm và kéo dài cho đến tận chiều muộn, như một lời báo hiệu rằng mùa hè đã thực sự trở về. Có lẽ ai cũng từng lưu giữ cho mình một vài ký ức như thế về mùa hè. Là ánh nắng giữa trưa đi qua khung cửa rồi đổ dài trên nền nhà. Là khoảng sân vắng lặng chỉ còn tiếng lá cây xào xạc trong gió. Là những buổi chiều chậm rãi khi mọi thứ dường như lắng lại dưới sắc vàng của nắng tháng sáu. Những hình ảnh rất đỗi quen thuộc ấy luôn mang đến cảm giác bình yên và khiến người ta nhớ mãi mỗi khi mùa hè đi qua. Thanh Xuân Collection được XÉO XỌ thực hiện từ những cảm xúc giản dị ấy. Bộ sưu tập gồm những chiếc đầm và trang phục dành cho ngày hè với form dáng nhẹ nhàng, thoải mái cùng những gam màu trong trẻo, dễ mặc và dễ đồng hành cùng các chị trong nhiều khoảnh khắc thường nhật. Dù là một buổi dạo phố cuối tuần, một chuyến đi ngắn ngày hay đơn giản là một ngày chị muốn tận hưởng khoảng thời gian của riêng mình, Thanh Xuân vẫn là lời gợi nhắc về những ngày hè đẹp đẽ, nơi ánh nắng, tiếng ve và những điều bình thường nhất đều trở thành những ký ức đáng nhớ. Cùng ghé tiệm 2 miền chúng em chơi và ướm thử những thiết kế mới nhất trong mùa hè này chị nhé!",Summer,2026-06-27,ACTIVE,collection_page,2026-06-27 14:38:24,,"{""hero"":{""eyebrow"":""Xuân Hè 2026"",""subtitle"":""Bộ sưu tập"",""title"":""Thanh Xuân"",""description"":""Thanh Xuân kể câu chuyện về mùa hè, nơi ánh nắng, tiếng ve và những khu vườn xanh trở thành ký ức dịu dàng trong từng thiết kế.""},""editorial_opening"":[{""heading"":""Có những mùa hè không được nhớ bằng những điều quá lớn lao, mà được lưu lại bởi tiếng ve, nắng vàng và mùi hương của khu vườn sau mưa."",""body"":""Thanh Xuân bắt đầu từ những ký ức rất quen thuộc ấy. Đó là khi mặt đất còn vương hơi ẩm sau những cơn mưa cuối xuân, khi cây cối xanh hơn dưới nắng và những chùm quả đầu mùa dần chín trong khu vườn. Mùa hè hiện lên không vội vã, mà chậm rãi đi vào cảm xúc bằng những điều bình dị nhất.""},{""heading"":""Mùa hè luôn có cách khiến những điều bình thường trở nên đáng nhớ."",""body"":""Không cần một chuyến đi xa hay một dịp thật đặc biệt, đôi khi chỉ một khoảng sân đầy nắng, một khung cửa mở ra buổi trưa yên ả hay tiếng lá xào xạc trong gió cũng đủ gợi lại cảm giác thanh xuân. Từ những hình ảnh ấy, bộ sưu tập lựa chọn ngôn ngữ nhẹ nhàng, gần gũi và dễ mặc.""},{""heading"":""Và rồi, thanh xuân đẹp nhất có lẽ là khi ta còn biết rung động trước những điều giản đơn."",""body"":""Thanh Xuân không chỉ là những thiết kế dành cho mùa hè, mà còn là lời nhắc về những ngày ta muốn chậm lại để tận hưởng thời gian của riêng mình. Từng chiếc đầm, từng gam màu đều được tạo nên để đồng hành cùng người mặc trong những khoảnh khắc thường nhật, dịu dàng và trong trẻo.""}],""story"":{""heading"":""Chạm vào những ngày hè trong vườn"",""body"":""Bộ sưu tập mở ra bằng cảm giác của những khu vườn mùa hạ, nơi nắng, lá và hương hoa cùng tạo nên một nền cảm xúc bình yên. Phom dáng được giữ nhẹ nhàng, thoải mái để người mặc có thể chuyển động tự nhiên trong những ngày dài.""},""sections"":[{""heading"":""Mảng màu của nắng và ký ức"",""body"":""Thanh Xuân sử dụng những gam màu trong trẻo, dễ mặc và gần gũi với cảm giác mùa hè. Các sắc độ được tiết chế để vừa đủ tươi sáng nhưng vẫn giữ được sự mềm mại, nữ tính và thanh thoát.""},{""heading"":""Khi mùa hè trở thành cảm hứng"",""body"":""Từ tiếng ve trên tán cây đến ánh nắng đổ dài trên nền nhà, những chi tiết rất đời thường được chuyển hóa thành cảm hứng cho phom dáng và chất liệu. Bộ sưu tập hướng đến vẻ đẹp nhẹ nhàng, không phô trương nhưng vẫn để lại dấu ấn riêng.""},{""heading"":""Khi thanh xuân trở thành dấu ấn"",""body"":""Không chỉ dành cho một dịp cụ thể, Thanh Xuân được tạo nên để hiện diện trong nhiều khoảnh khắc: một buổi dạo phố, một chuyến đi ngắn ngày hay một ngày người mặc muốn tận hưởng vẻ đẹp giản dị của chính mình.""}]}"
La Khê,la-khe,"La Khê là bộ sưu tập tôn vinh vẻ đẹp mềm mại của áo dài và thiết kế yếm, kết hợp lụa dệt họa tiết, organza nhẹ và tinh thần đương đại của người phụ nữ XÉO XỌ.",https://xeoxo.com/vn/wp-content/uploads/sites/2/2026/06/7_image-4.jpg,"Có những vẻ đẹp không cần quá nhiều chi tiết để trở nên nổi bật. La Khê Collection được xây dựng từ những phom dáng quen thuộc của XÉO XỌ, nơi sự mềm mại của tà áo dài và những thiết kế yếm được đặt cạnh ngôn ngữ thời trang đương đại. Không cố gắng tạo nên sự cầu kỳ, bộ sưu tập tập trung vào cảm giác mà chất liệu mang lại, vào cách ánh sáng lướt qua từng bề mặt vải và cách người phụ nữ trở nên cuốn hút khi được là chính mình. Lựa chọn chất liệu lụa dệt hoạ tiết với bề mặt giàu chiều sâu kết hợp lớp trong lụa organza siêu nhẹ, La Khê mang đến hiệu ứng thị giác tinh tế khi chuyển động. Những hoạ tiết được dệt trực tiếp trên nền vải hiện lên nhẹ nhàng dưới ánh sáng, tạo nên vẻ đẹp sang trọng nhưng không phô trương. Trên nền chất liệu ấy là những gam màu và sắc độ khác nhau dịu dàng được XÉO XỌ lựa chọn để tôn lên nét nữ tính một cách hiện đại. Trong La Khê, áo dài không chỉ dành cho những dịp đặc biệt và những thiết kế yếm cũng không chỉ mang tinh thần hoài niệm. Mỗi thiết kế được thực hiện với mong muốn mở rộng cách người phụ nữ cảm nhận về vẻ đẹp của mình: tự do hơn, linh hoạt hơn và đầy cảm hứng hơn trong cuộc sống thường ngày. La Khê Collection là lời gợi nhắc về một vẻ đẹp mềm mại nhưng không mong manh, dịu dàng nhưng vẫn đủ để tạo nên dấu ấn riêng.",Spring,2026-05-27,ACTIVE,collection_page,2026-06-27 14:38:25,,"{""hero"":{""eyebrow"":""Xuân Hè 2026"",""subtitle"":""Bộ sưu tập"",""title"":""La Khê"",""description"":""La Khê kể câu chuyện về vẻ đẹp mềm mại, nơi tà áo dài, thiết kế yếm và chất liệu lụa được đặt trong tinh thần đương đại.""},""editorial_opening"":[{""heading"":""Có những vẻ đẹp không cần quá nhiều chi tiết để trở nên nổi bật, chỉ cần đủ mềm mại, đủ tinh tế và đủ gần với người mặc."",""body"":""La Khê bắt đầu từ những phom dáng quen thuộc của XÉO XỌ, nơi tà áo dài và thiết kế yếm được đặt cạnh một tinh thần hiện đại hơn. Bộ sưu tập không tìm đến sự cầu kỳ, mà tập trung vào cảm giác chất liệu mang lại và cách người phụ nữ trở nên cuốn hút khi được là chính mình.""},{""heading"":""Vẻ đẹp dịu dàng đôi khi không nằm ở sự mong manh, mà ở khả năng tạo nên dấu ấn rất riêng."",""body"":""Lụa dệt họa tiết với bề mặt giàu chiều sâu kết hợp cùng lớp organza siêu nhẹ tạo nên hiệu ứng thị giác tinh tế khi chuyển động. Những họa tiết hiện lên nhẹ dưới ánh sáng, vừa sang trọng vừa không phô trương.""},{""heading"":""Và rồi, La Khê mở ra một cách nhìn khác về vẻ đẹp truyền thống trong đời sống hôm nay."",""body"":""Trong La Khê, áo dài không chỉ dành cho dịp đặc biệt và yếm cũng không chỉ gợi cảm giác hoài niệm. Mỗi thiết kế được thực hiện để người phụ nữ cảm nhận mình tự do hơn, linh hoạt hơn và đầy cảm hứng hơn trong những khoảnh khắc thường ngày.""}],""story"":{""heading"":""Chạm vào vẻ đẹp mềm mại của La Khê"",""body"":""La Khê mở ra bằng những chất liệu nhẹ, bề mặt vải có chiều sâu và phom dáng quen thuộc được làm mới. Tinh thần của bộ sưu tập nằm ở sự tiết chế, để vẻ đẹp tự nhiên của người mặc được tôn lên một cách dịu dàng.""},""sections"":[{""heading"":""Mảng màu dịu và từng lớp vải"",""body"":""Các gam màu trong La Khê được lựa chọn để tôn lên nét nữ tính hiện đại. Trên nền lụa và organza, từng sắc độ trở nên mềm hơn, sâu hơn và tạo cảm giác thanh lịch trong từng chuyển động.""},{""heading"":""Khi truyền thống trở thành cảm hứng"",""body"":""Từ áo dài đến yếm, những phom dáng gắn với ký ức Á Đông được đặt trong cách xử lý mới mẻ hơn. Bộ sưu tập giữ lại tinh thần quen thuộc nhưng mở ra cảm giác linh hoạt, gần gũi với đời sống hiện đại.""},{""heading"":""Khi La Khê trở thành dấu ấn"",""body"":""La Khê dành cho những người phụ nữ yêu vẻ đẹp tinh tế, không cần nổi bật bằng sự phô trương nhưng vẫn đủ để được nhớ đến. Mỗi thiết kế là một cách kể nhẹ nhàng về sự mềm mại, tự do và bản sắc riêng.""}]}"
Dao Ngọc Các,dao-ngoc-cac,"Dao Ngọc Các là bộ sưu tập cưới của XÉO XỌ và ĐINH, kết hợp áo dài cưới, cảm hứng Nhật Bình, tơ tằm, lụa, thêu thủ công và chi tiết đính kết cho ngày trọng đại.",https://xeoxo.com/vn/wp-content/uploads/sites/2/2026/06/2-scaled.jpg,"Trong muôn vàn cảm xúc mà con người có thể trải qua trong cuộc đời, tình yêu có lẽ là điều khiến ta nhớ lâu nhất. Tình yêu hiện diện trong những ánh nhìn, những lần nắm tay, trong niềm vui khi có người để sẻ chia và cả những ngày bình thường bỗng trở nên ý nghĩa hơn vì có một người cùng đồng hành. Đó là khi hai con người xa lạ dần tìm thấy sự đồng điệu trong tâm hồn, để rồi từ lúc nào không hay, hình dung về tương lai đã luôn có sự hiện diện của đối phương. Và ngày cưới có lẽ là một trong những dịp đặc biệt nhất để lưu giữ điều đó. Bởi khi đã cùng nhau đi qua nhiều kỷ niệm, ai cũng mong muốn chuẩn bị mọi thứ thật chỉn chu cho ngày mình chính thức sánh bước bên nhau. Từ không gian, những lời hẹn ước cho đến bộ trang phục sẽ cùng mình hiện diện trong những khoảnh khắc đáng nhớ nhất. Từ những cảm xúc ấy, XÉO XỌ và ĐINH giới thiệu bộ sưu tập cưới Dao Ngọc Các. Là sự kết hợp giữa những giá trị truyền thống và tinh thần đương đại, Dao Ngọc Các mang đến các thiết kế áo dài cưới được thực hiện từ tơ tằm, lụa và những đường thêu thủ công cùng các chi tiết đính kết tỉ mỉ. Bên cạnh những dáng áo dài quen thuộc, bộ sưu tập còn xuất hiện thêm áo choàng được lấy cảm hứng từ áo Nhật Bình Việt Nam, áo choàng thêu và các thiết kế dành cho chú rể, mang đến nhiều lựa chọn hơn cho các anh chị trong ngày trọng đại. Mỗi thiết kế đều được tạo nên với mong muốn đồng hành cùng các anh chị trong những khoảnh khắc đẹp nhất của ngày cưới để bắt đầu một hành trình mới. Hy vọng BST lần này sẽ là món quà tinh thần ý nghĩa dành cho anh chị. Anh chị có thể tùy chỉnh kiểu dáng theo ý thích, từ tay áo dài hay ngắn đến tay loe búp. Đừng ngần ngại liên hệ với chúng em hoặc ghé tiệm để thử và được tư vấn trực tiếp nhé!",Spring,2026-03-27,ACTIVE,collection_page,2026-06-27 14:38:26,,"{""hero"":{""eyebrow"":""Xuân Hè 2026"",""subtitle"":""Bộ sưu tập"",""title"":""Dao Ngọc Các"",""description"":""Dao Ngọc Các kể câu chuyện về tình yêu và ngày cưới, nơi truyền thống, thủ công và tinh thần đương đại cùng hiện diện trong từng thiết kế.""},""editorial_opening"":[{""heading"":""Có những khoảnh khắc trong đời không chỉ được ghi nhớ bằng hình ảnh, mà bằng cảm giác khi ta sánh bước cùng người mình thương."",""body"":""Dao Ngọc Các bắt đầu từ những cảm xúc của tình yêu: ánh nhìn, cái nắm tay, niềm vui được sẻ chia và những ngày bình thường bỗng trở nên ý nghĩa hơn. Khi hai người chọn bước vào một hành trình mới, trang phục trong ngày cưới cũng trở thành một phần của ký ức ấy.""},{""heading"":""Ngày cưới là nơi những điều riêng tư nhất được nâng niu bằng sự chỉn chu và trang trọng."",""body"":""Từ không gian, lời hẹn ước đến bộ trang phục hiện diện trong khoảnh khắc quan trọng, mọi chi tiết đều mang theo mong muốn lưu giữ một ngày thật đẹp. Dao Ngọc Các được tạo nên để đồng hành cùng cảm xúc ấy bằng chất liệu tơ tằm, lụa, thêu thủ công và những chi tiết đính kết tỉ mỉ.""},{""heading"":""Và rồi, vẻ đẹp cưới đẹp nhất có lẽ là khi truyền thống trở thành một phần của câu chuyện riêng."",""body"":""Bộ sưu tập kết hợp áo dài cưới, áo choàng lấy cảm hứng từ Nhật Bình Việt Nam, các thiết kế thêu và trang phục dành cho chú rể. Mỗi thiết kế đều hướng đến sự trang trọng nhưng vẫn gần gũi, để các anh chị có thể lưu giữ dấu ấn riêng trong ngày trọng đại.""}],""story"":{""heading"":""Chạm vào khoảnh khắc của ngày thương"",""body"":""Dao Ngọc Các mở ra bằng tinh thần cưới truyền thống được đặt trong ngôn ngữ đương đại. Những đường thêu, lớp lụa và chi tiết đính kết cùng tạo nên cảm giác trang trọng, tinh tế và giàu cảm xúc.""},""sections"":[{""heading"":""Mảng màu cưới và từng lớp lụa"",""body"":""Bộ sưu tập sử dụng các sắc độ thanh nhã, phù hợp với không khí trang trọng của ngày cưới. Trên nền tơ tằm và lụa, từng chi tiết được xử lý để tôn lên vẻ đẹp mềm mại, thiêng liêng và đầy chất thơ.""},{""heading"":""Khi truyền thống trở thành cảm hứng"",""body"":""Cảm hứng từ áo dài và áo Nhật Bình được chuyển hóa thành những thiết kế vừa quen thuộc vừa mới mẻ. Dao Ngọc Các giữ lại tinh thần Á Đông nhưng mở rộng lựa chọn cho cô dâu, chú rể trong ngày đặc biệt.""},{""heading"":""Khi tình yêu trở thành dấu ấn"",""body"":""Không chỉ là trang phục cưới, Dao Ngọc Các còn là cách XÉO XỌ gửi gắm lời chúc phúc cho một hành trình mới. Mỗi thiết kế được tạo nên để đồng hành cùng những khoảnh khắc đẹp nhất và lưu lại như một kỷ niệm đáng nhớ.""}]}"
Quý Chi,quy-chi,"Quý Chi là bộ sưu tập mang tinh thần thanh quý và nữ tính, gợi cảm hứng từ những nhành hoa, sắc lụa trầm ấm và vẻ đẹp kín đáo nhưng vẫn đủ nổi bật của người phụ nữ Á Đông.",https://xeoxo.com/vn/wp-content/uploads/sites/2/2026/06/DSC00710.jpg,,Winter,2026-02-27,ACTIVE,collection_page,2026-06-27 14:38:28,,"{""hero"":{""eyebrow"":""Thu Đông 2026"",""subtitle"":""Bộ sưu tập"",""title"":""Quý Chi"",""description"":""Quý Chi kể câu chuyện về vẻ đẹp thanh quý, nơi những nhành hoa, sắc lụa và phom dáng nữ tính tạo nên dấu ấn dịu dàng.""},""editorial_opening"":[{""heading"":""Có những vẻ đẹp không đến từ sự rực rỡ tức thì, mà từ cảm giác thanh nhã được giữ lại qua từng chi tiết nhỏ."",""body"":""Quý Chi bắt đầu từ hình ảnh những nhành hoa mềm, những sắc vải trầm ấm và vẻ đẹp kín đáo của người phụ nữ Á Đông. Bộ sưu tập không đi theo sự phô trương, mà chọn cách tạo ấn tượng bằng sự tinh tế, chỉn chu và nét duyên nhẹ nhàng.""},{""heading"":""Sự quý phái đôi khi không cần quá nhiều điểm nhấn, chỉ cần một phom dáng vừa đủ và một chất liệu biết cách chuyển động."",""body"":""Những thiết kế trong Quý Chi được phát triển với tinh thần mềm mại nhưng có cấu trúc. Chất liệu được lựa chọn để tạo độ rũ, độ đứng và cảm giác thanh thoát, giúp người mặc giữ được vẻ trang nhã trong nhiều hoàn cảnh.""},{""heading"":""Và rồi, vẻ đẹp đáng nhớ nhất có lẽ là vẻ đẹp không cần nói quá nhiều vẫn khiến người ta ngoái nhìn."",""body"":""Quý Chi được tạo nên cho những khoảnh khắc cần sự chỉn chu nhưng không xa cách. Từ một cuộc gặp trang trọng đến một buổi dạo phố nhẹ nhàng, bộ sưu tập mong muốn đồng hành cùng người phụ nữ bằng sự tự tin, nền nã và một dấu ấn rất riêng.""}],""story"":{""heading"":""Chạm vào nét thanh quý dịu dàng"",""body"":""Quý Chi mở ra bằng cảm giác của những nhành hoa và lớp lụa mềm trong sắc độ trầm ấm. Thiết kế tập trung vào sự cân bằng giữa nữ tính, thanh lịch và tính ứng dụng trong đời sống.""},""sections"":[{""heading"":""Mảng màu thanh nhã và từng thước vải"",""body"":""Bộ sưu tập sử dụng những gam màu nhẹ, sâu và có độ lắng để tôn lên vẻ đẹp trang nhã. Trên nền chất liệu mềm mại, mỗi sắc màu trở thành một điểm nhấn vừa đủ, không ồn ào nhưng giàu cảm xúc.""},{""heading"":""Khi sự quý phái trở thành cảm hứng"",""body"":""Từ đường cắt, họa tiết đến cách xử lý phom dáng, Quý Chi hướng tới vẻ đẹp được tiết chế. Bộ sưu tập giữ lại tinh thần Á Đông qua sự kín đáo, mềm mại và duyên dáng trong từng chuyển động.""},{""heading"":""Khi Quý Chi trở thành dấu ấn"",""body"":""Không chỉ dành cho những dịp đặc biệt, Quý Chi còn phù hợp với những khoảnh khắc người phụ nữ muốn xuất hiện thật chỉn chu. Bộ sưu tập là lời gợi nhắc về vẻ đẹp trưởng thành, tinh tế và bền lâu.""}]}"
Hạ Khuê,ha-khue,"Hạ Khuê là bộ sưu tập Xuân Hè của XÉO XỌ, lấy cảm hứng từ sắc hoa, ánh nắng và những lớp lụa mềm để tạo nên vẻ đẹp nữ tính, trong trẻo và đầy cảm xúc.",https://xeoxo.com/vn/wp-content/uploads/sites/2/2026/05/IMG_4441-scaled.jpeg,"Mùa hè mang theo những gam màu tươi sáng, ngát hương như thể mọi thứ đều được phủ lên một lớp ánh sáng mỏng, trong và dịu. Những trưa hè oi ả, khi nắng trải dài trên mặt đường hay những làn gió bất chợt thoảng qua, đủ làm tà váy khẽ lay, đều là những khoảnh khắc rất đẹp của mùa. Trong những ngày như vậy, một chiếc váy lụa dường như trở thành lựa chọn tự nhiên nhất. Nhẹ, thoáng và mềm, lụa không chỉ mang lại cảm giác dễ chịu khi chạm vào da, mà còn tạo nên những chuyển động rất khẽ theo từng bước chân, đủ tinh giản để giữ lại trọn vẹn sự bay bổng của chất liệu và cảm giác tự do khi mặc. Với BST Hạ Khuê, XÉO XỌ chọn bắt đầu mùa hạ như thế, đan xen giữa những gam màu trong trẻo của nắng, của gió và những lớp lụa mềm mại. Từng thiết kế mang theo sự mơ mộng rất nhẹ, để khiến mình trở nên tươi tắn hơn trong những ngày dài. Không chỉ là những thiết kế chỉ dành cho một dịp đặc biệt, mà là những chiếc váy có thể đồng hành cùng các chị trong nhiều khoảnh khắc thường ngày từ một buổi dạo phố, một cuộc hẹn nhẹ nhàng, đến những ngày chỉ muốn ra ngoài và tận hưởng mùa hè theo cách riêng của mình. Cùng ghé tiệm 2 miền chơi và ướm thử những thiết kế mới nhất cho mùa hè này chị nhé!",Winter,2025-12-27,ACTIVE,collection_page,2026-06-27 14:38:29,,"{""hero"":{""eyebrow"":""Xuân Hè 2026"",""subtitle"":""Bộ sưu tập"",""title"":""Hạ Khuê"",""description"":""Hạ Khuê kể câu chuyện về mùa hạ, nơi sắc hoa, ánh nắng và những lớp lụa mềm cùng tạo nên vẻ đẹp nữ tính, trong trẻo và đầy cảm xúc.""},""editorial_opening"":[{""heading"":""Có những mùa hè không được nhớ bằng những chuyến đi xa, mà được lưu lại bởi cảm giác của một buổi chiều đầy nắng."",""body"":""Hạ Khuê bắt đầu từ những khoảnh khắc rất đời bình thường như thế. Đó là khi ánh nắng phủ vàng lên từng góc phố, khi làn gió nhẹ lướt qua làm tà váy khẽ rung động, và khi người ta bất chợt nhận ra vẻ đẹp của mùa hè nằm ở những điều giản đơn nhất. Từ những cảm xúc ấy, những nét phác thảo đầu tiên của bộ sưu tập được hình thành.""},{""heading"":""Mùa hè luôn mang trong mình một vẻ đẹp vừa rực rỡ vừa dịu dàng."",""body"":""Không quá ồn ào hay phô trương, Hạ Khuê lựa chọn kể câu chuyện của mùa bằng những gam màu trong trẻo, những chất liệu mềm mại và những phom dáng nhẹ nhàng. Mỗi thiết kế được tạo nên để giữ lại cảm giác tự do khi chuyển động, cảm giác thoải mái khi mặc và sự nữ tính rất tự nhiên của người phụ nữ trong những ngày nắng dài.""},{""heading"":""Và rồi, mùa hè đẹp nhất có lẽ là mùa hè mà ta được là chính mình."",""body"":""Hạ Khuê không chỉ là những chiếc váy dành cho một dịp đặc biệt, mà là những người bạn đồng hành trong những khoảnh khắc thường ngày. Từ một buổi dạo phố, một cuộc hẹn cuối tuần đến những ngày chỉ muốn bước ra ngoài để cảm nhận nắng, gió và nhịp sống chậm rãi. Bộ sưu tập được tạo nên với mong muốn mỗi người phụ nữ đều có thể tìm thấy sự tự tin, sự thoải mái và một chút mộng mơ của riêng mình trong mùa hè ấy.""}],""story"":{""heading"":""Chạm vào những ngày hè dịu dàng"",""body"":""Hạ Khuê mở ra bằng cảm giác trong trẻo của nắng hè, sắc hoa và những bề mặt vải mềm. Những thiết kế trong bộ sưu tập không đặt nặng sự cầu kỳ mà tập trung vào cảm giác nhẹ nhàng, nữ tính và bay bổng khi mặc.""},""sections"":[{""heading"":""Mảng màu hè và từng thước vải"",""body"":""Bộ sưu tập sử dụng những gam màu gợi nhớ mùa hạ như hồng phấn, vàng nhạt, xanh dịu và đỏ cam. Trên nền chất liệu mềm mại, từng sắc màu được xử lý để vừa đủ nổi bật nhưng vẫn giữ được vẻ thanh thoát, nhẹ nhàng.""},{""heading"":""Khi mùa hè trở thành cảm hứng"",""body"":""Từ những chuyển động rất nhỏ của tà váy, ánh sáng trên mặt vải đến cách họa tiết hiện lên trong từng lớp lụa, Hạ Khuê mang đến cảm giác gần gũi nhưng vẫn có chất thơ. Mỗi thiết kế là một lát cắt của mùa hè được giữ lại bằng màu sắc, chất liệu và phom dáng.""},{""heading"":""Khi mùa hạ trở thành dấu ấn"",""body"":""Không chỉ dừng lại ở vẻ ngoài nữ tính, Hạ Khuê còn hướng đến sự thoải mái và tính ứng dụng trong đời sống hằng ngày. Bộ sưu tập dành cho những người phụ nữ muốn mặc đẹp một cách tự nhiên, nhẹ nhàng nhưng vẫn có điểm nhấn riêng.""}]}"
Cát Điền,cat-dien,"Cát Điền là bộ sưu tập đầu năm của XÉO XỌ, mang tinh thần bình an, suôn sẻ và rộn ràng ngày xuân qua những thiết kế nhẹ nhàng, chỉn chu và giàu cảm xúc.",https://xeoxo.com/vn/wp-content/uploads/sites/2/2026/03/DFO07252.jpg,"Những ngày xuân luôn mang theo những cuộc gặp gỡ, những tiếng cười nói và cả những khoảnh khắc ta luôn muốn xuất hiện thật chỉn chu giữa sắc xuân đang rộn ràng khắp nơi. Ai ai cũng mong muốn một năm mới bình an, hạnh phúc và mọi điều diễn ra thật thuận lợi, suôn sẻ. Từ tinh thần đó, bộ sưu tập Cát Điền như lời chào đầu năm mà XÉO XỌ muốn gửi đến các chị, mang đến sự nhẹ nhàng vừa đủ để cảm nhận rõ từng chuyển động của mùa xuân. Cát Điền mang theo ý nghĩa về sự an lành, đủ đầy và trọn vẹn. Đó là cảm giác của một khởi đầu êm đềm, của những điều tốt đẹp được vun đắp theo thời gian. Thông qua bộ sưu tập này, chúng em mong mỗi thiết kế khi đến tay các chị không chỉ là một tà áo để diện trong những ngày xuân, mà còn là một lời chúc bình an cho cả năm phía trước. Bộ sưu tập với chất liệu tơ tằm làm chủ đạo. Tơ tằm có độ rủ tự nhiên, mềm và thoáng, rất hợp với tiết trời xuân đang dần ấm lên. Khi chị mặc lên, vải ôm vừa đủ để tôn dáng vẫn giữ được nét trang nhã và mang lại cảm giác nhẹ tênh trong từng chuyển động. Chúng em khẽ đưa vào Cát Điền một chút hơi thở của Cần Thơ với sự dung dị và khoan thai của miền sông nước. Một vùng đất màu mỡ, nơi mọi thứ dường như luôn đầy sức sống. Từ sắc trời, sắc nước cho đến những khu vườn vào mùa, tất cả đều mang trong mình sự tươi tắn và tràn đầy năng lượng. Tinh thần ấy được chúng em đặt vào bộ sưu tập qua những gam màu sáng trong và rạng rỡ như một lời chúc cho một năm mới nhiều niềm vui, nhiều điều tốt đẹp được nở rộ. Cát Điền vì thế không chỉ là một lựa chọn để diện trong những ngày đầu năm, mà còn là cảm xúc của sự hân hoan đủ để khởi đầu năm mới với tâm thế tươi tắn và đầy hy vọng. Mời các chị ghé tiệm chơi và chọn cho mình một dáng áo thật hợp cho mùa xuân này nhé.",Fall,2025-11-27,ACTIVE,collection_page,2026-06-27 14:38:30,,"{""hero"":{""eyebrow"":""Xuân 2026"",""subtitle"":""Bộ sưu tập"",""title"":""Cát Điền"",""description"":""Cát Điền kể câu chuyện về ngày xuân, nơi những lời chúc bình an, sắc màu may mắn và thiết kế chỉn chu cùng mở ra một khởi đầu mới.""},""editorial_opening"":[{""heading"":""Có những ngày xuân không chỉ được nhớ bằng sắc hoa, mà bằng cảm giác háo hức khi ta chuẩn bị thật chỉn chu để bước vào một năm mới."",""body"":""Cát Điền bắt đầu từ không khí của những cuộc gặp gỡ, những tiếng cười nói và mong ước về một năm bình an, hạnh phúc. Bộ sưu tập như một lời chào đầu năm mà XÉO XỌ gửi đến người mặc, nhẹ nhàng vừa đủ nhưng vẫn mang theo cảm giác rộn ràng của mùa xuân.""},{""heading"":""Ngày đầu năm luôn có một vẻ đẹp rất riêng, vừa tươi vui, vừa dịu dàng, vừa chứa đựng nhiều hy vọng."",""body"":""Không hướng đến sự phô trương, Cát Điền lựa chọn những phom dáng dễ mặc, chất liệu mềm và các gam màu gợi cảm giác may mắn, ấm áp. Mỗi thiết kế được tạo nên để người mặc xuất hiện thật tự nhiên mà vẫn giữ được sự chỉn chu trong những dịp sum họp.""},{""heading"":""Và rồi, khởi đầu đẹp nhất có lẽ là khi ta cảm thấy bình an trong chính dáng vẻ của mình."",""body"":""Cát Điền không chỉ dành cho ngày Tết, mà còn cho những khoảnh khắc người phụ nữ muốn mang theo tinh thần an lành vào cuộc sống thường ngày. Bộ sưu tập gửi gắm mong muốn về sự suôn sẻ, hạnh phúc và những điều tốt đẹp sẽ đến trong năm mới.""}],""story"":{""heading"":""Chạm vào sắc xuân an lành"",""body"":""Cát Điền mở ra bằng cảm giác ấm áp của những ngày đầu năm, nơi trang phục trở thành một phần của lời chúc bình an. Các thiết kế giữ phom dáng nhẹ nhàng, vừa đủ trang trọng nhưng vẫn gần gũi với đời sống.""},""sections"":[{""heading"":""Mảng màu xuân và từng thước vải"",""body"":""Bộ sưu tập sử dụng những gam màu gợi không khí Tết và sự may mắn. Trên nền chất liệu mềm mại, từng sắc độ được xử lý để mang đến cảm giác tươi vui, thanh lịch và dễ đồng hành trong nhiều dịp.""},{""heading"":""Khi lời chúc trở thành cảm hứng"",""body"":""Từ tinh thần bình an, thuận lợi và sum vầy, Cát Điền chuyển hóa những lời chúc đầu năm thành phom dáng, họa tiết và sắc màu. Mỗi thiết kế mang theo sự nhẹ nhàng nhưng vẫn đủ để tạo nên dấu ấn riêng.""},{""heading"":""Khi mùa xuân trở thành dấu ấn"",""body"":""Không chỉ là trang phục cho những ngày đầu năm, Cát Điền còn gợi nhắc người mặc về cảm giác khởi đầu đầy hy vọng. Bộ sưu tập dành cho những khoảnh khắc muốn xuất hiện đẹp, chỉn chu và an yên.""}]}"
Sắc Kỳ Hương,sac-ky-huong,"Sắc Kỳ Hương là bộ sưu tập lấy cảm hứng từ hương hoa, sắc xuân và ký ức đoàn viên ngày Tết, mang đến những thiết kế rực rỡ nhưng vẫn mềm mại và duyên dáng.",https://xeoxo.com/vn/wp-content/uploads/sites/2/2026/02/DSCF3362.jpg,"Khi dịp Tết đến, không khí mang theo những mùi hương đặc trưng của mùa xuân. Hương hoa khoe sắc, nắng nhẹ vương trên phố, cảm giác ấm áp của những ngày đoàn viên. Mỗi mùi hương mở ra một tầng ký ức, để Tết hiện diện trọn vẹn trong cảm xúc và không gian. Sắc Kỳ Hương được hình thành từ cảm giác ấy – như một làn hương mùa xuân như những đoá hoa nở muôn hoa khoe sắc. Sắc Kỳ Hương được cảm nhận qua nhiều tầng cảm xúc. Từ xa là tổng thể hài hòa và nhẹ nhàng. Khi đến gần hay khi người mặc chuyển động, những chi tiết dần hiện ra rõ nét hơn. Hoa trở thành ngôn ngữ chính để kể câu chuyện về sự nở rộ. Khi rực rỡ, khi chỉ thoáng qua, những họa tiết hoa xuất hiện như những tầng hương có lúc dẫn dắt, có lúc lắng lại, nhưng luôn hiện diện để tạo nên chiều sâu cảm xúc. Tinh thần đa tầng ấy gợi nhắc đến những khoảnh khắc rất quen của mùa Tết và những dịp đặc biệt. Là khi khoác lên mình một thiết kế mới để gặp gỡ, sum vầy. Là lúc bước vào một buổi tiệc, một sự kiện, nơi mỗi chuyển động đều mang theo sự tự tin. Là khoảnh khắc người phụ nữ bước ra khỏi nhà, mang theo mùi hương hoa và cảm giác sẵn sàng tỏa sắc. Sắc Kỳ Hương hiện diện trên từng lớp vải, từng form dáng, từng chuyển động. Trang phục trở thành điểm chạm giữa sắc xuân, hương hoa và vẻ đẹp nữ tính được nuôi dưỡng từ bên trong. Cùng ghé chúng em chơi, ướm thử những thiết kế mới nhất và cảm nhận trọn vẹn mùi hương mùa xuân cũng như chọn cho mình một khởi đầu thật dịu dàng, trọn vẹn chị nhé!",Fall,2025-09-27,ACTIVE,collection_page,2026-06-27 14:38:31,,"{""hero"":{""eyebrow"":""Xuân 2026"",""subtitle"":""Bộ sưu tập"",""title"":""Sắc Kỳ Hương"",""description"":""Sắc Kỳ Hương kể câu chuyện về hương sắc mùa xuân, nơi hoa nở, nắng nhẹ và cảm giác đoàn viên được gửi gắm trong từng thiết kế.""},""editorial_opening"":[{""heading"":""Có những mùa xuân không chỉ được nhìn thấy bằng sắc hoa, mà còn được cảm nhận bằng mùi hương rất riêng của ngày Tết."",""body"":""Sắc Kỳ Hương bắt đầu từ không khí khi Tết đến, khi hương hoa lan nhẹ trong nhà, nắng xuân vương trên phố và cảm giác đoàn viên khiến mọi thứ trở nên ấm áp hơn. Mỗi mùi hương mở ra một tầng ký ức, để mùa xuân hiện diện trọn vẹn trong cảm xúc.""},{""heading"":""Sắc màu và hương thơm luôn có cách đánh thức những ký ức tưởng như rất xa."",""body"":""Bộ sưu tập được hình thành như một làn hương mùa xuân, nơi những đóa hoa khoe sắc và các gam màu rực rỡ cùng hiện diện. Sắc Kỳ Hương không chỉ tạo ấn tượng bằng vẻ ngoài nổi bật, mà còn bằng cảm giác mềm mại, nữ tính và tươi mới khi người mặc chuyển động.""},{""heading"":""Và rồi, Tết đẹp nhất có lẽ là khi ta được trở về với những điều thân thuộc và yêu thương."",""body"":""Sắc Kỳ Hương được tạo nên cho những ngày gặp gỡ, thăm hỏi và sum vầy. Mỗi thiết kế mang theo một chút hương xuân, một chút rực rỡ của hoa và một cảm giác ấm áp để người phụ nữ tự tin xuất hiện trong những khoảnh khắc đáng nhớ đầu năm.""}],""story"":{""heading"":""Chạm vào hương sắc mùa xuân"",""body"":""Sắc Kỳ Hương mở ra bằng cảm giác của hoa, nắng và không khí đoàn viên. Thiết kế tập trung vào sắc màu rực rỡ, chất liệu mềm mại và phom dáng nữ tính để giữ lại tinh thần tươi vui của ngày Tết.""},""sections"":[{""heading"":""Mảng màu hoa và từng thước vải"",""body"":""Bộ sưu tập sử dụng những gam màu gợi nhớ đến vườn hoa mùa xuân. Trên nền chất liệu mềm, các sắc độ được phối hợp để tạo cảm giác nổi bật nhưng vẫn hài hòa, duyên dáng và dễ mặc.""},{""heading"":""Khi hương xuân trở thành cảm hứng"",""body"":""Từ hương hoa, nắng nhẹ đến cảm giác đoàn viên, Sắc Kỳ Hương chuyển hóa không khí Tết thành những chi tiết trên trang phục. Mỗi thiết kế là một cách giữ lại cảm xúc mùa xuân bằng màu sắc, họa tiết và phom dáng.""},{""heading"":""Khi sắc hương trở thành dấu ấn"",""body"":""Không chỉ dành cho ngày Tết, Sắc Kỳ Hương còn là lời gợi nhắc về vẻ đẹp tươi mới của người phụ nữ. Bộ sưu tập dành cho những khoảnh khắc muốn xuất hiện rạng rỡ, mềm mại và đầy cảm xúc.""}]}"
Xuân Diệm Khai Hoa,xuan-diem-khai-hoa,"Xuân Diệm Khai Hoa là bộ sưu tập của XÉO XỌ cùng Comfort, lấy cảm hứng từ hương thơm, sắc hoa và vẻ đẹp lan tỏa của người phụ nữ trong mùa xuân.",https://xeoxo.com/vn/wp-content/uploads/sites/2/2026/02/look-4-6.jpg,"Mùi hương không chỉ tồn tại trong khoảnh khắc mà mở ra theo từng lớp mà lan nhẹ trong không gian và ở lại bằng cảm giác rất riêng. Cũng giống như vẻ đẹp của một người phụ nữ không chỉ nằm ở dáng vẻ bên ngoài, mà ở cách cô ấy xuất hiện, lan tỏa và để lại dấu ấn. Từ tinh thần ấy, XÉO XỌ cùng Comfort tạo nên một bộ sưu tập Xuân Diệm Khai Hoa, nơi mỗi thiết kế không chỉ được nhìn, mà còn được cảm nhận giống như cách một mùi hương mở ra, lan tỏa và lưu lại trên từng chuyển động. Xuân Diệm Khai Hoa được lấy cảm hứng từ những cô gái sẵn sàng hiện diện trọn vẹn trong cuộc sống của mình. Không thu mình, không nép, không tém lại để vừa vặn với khuôn mẫu. Họ chọn hiện diện trọn vẹn, chọn tỏa hương khoe sắc như những đóa hoa đang độ nở rộ mang sự tự nhiên, tự tin và đầy sức sống. Bộ sưu tập được cảm nhận qua nhiều tầng cảm xúc, nơi vẻ đẹp mở ra theo từng chuyển động. Từ xa, tổng thể nhẹ nhàng và mềm mại nhưng khi đến gần, hoặc khi người mặc chuyển động, những tầng cảm xúc dần mở ra. Bốn thiết kế tương ứng với bốn mùi hương Comfort, cùng nằm trong một mạch cảm xúc xuyên suốt. Hoa trở thành ngôn ngữ chính, không phải để trang trí, mà để kể câu chuyện về sự nở rộ. Những hoạ tiết hoa xuất hiện khi rõ ràng, khi chỉ thoáng qua, như những nốt hương, có lúc dẫn dắt, có lúc lùi lại, nhưng luôn hiện diện để tạo nên tổng thể hài hòa. Tinh thần đa tầng ấy gợi nhắc đến những khoảnh khắc rất quen thuộc trong đời sống. Là mùi hương ngày Tết, khi người ta khoác lên mình bộ trang phục đẹp nhất để gặp gỡ, sum vầy. Là cảm giác bước vào một buổi tiệc, một sự kiện, nơi mỗi chuyển động đều mang theo sự tự tin và mong muốn được nhìn thấy. Là khoảnh khắc một người phụ nữ bước ra khỏi nhà, mang theo mùi hương quen thuộc và cảm giác sẵn sàng tỏa sáng. XÉO XỌ không tìm cách mô tả mùi hương bằng hình ảnh trực diện. Thay vào đó, Xuân Diệm Khai Hoa là sự chuyển hóa cảm giác khi hương lan nhẹ trên vải, khi những tầng lớp chồng lên nhau và để lại dư vị. Trang phục không chỉ để mặc, mà để đồng hành cùng các chị trong những khoảnh khắc xuất hiện trọn vẹn nhất. Bộ sưu tập cũng là cuộc gặp gỡ giữa XÉO XỌ và Comfort – nơi mùi hương có thể được cảm nhận qua những thiết kế, nơi sự tự tin được nở rộ tự nhiên, và nơi mỗi cô gái bước vào mùa mới, những dịp đặc biệt, với hương sắc mang dấu ấn không trùng lặp. Và đặc biệt XÉO XỌ xin gửi lời cảm ơn đến nhiếp ảnh gia Tuanfr đã đồng hành cùng chúng em trong bộ ảnh vô cùng đặc biệt lần này để bộ sưu tập được hoàn thiện qua từng góc nhìn, khung hình, cảm xúc của mùi hương và tinh thần của những đóa hoa nở rộ được ghi lại một cách trọn vẹn nhất.",Summer,2025-08-27,ACTIVE,collection_page,2026-06-27 14:38:32,,"{""hero"":{""eyebrow"":""Xuân Hè 2025"",""subtitle"":""Bộ sưu tập"",""title"":""Xuân Diệm Khai Hoa"",""description"":""Xuân Diệm Khai Hoa kể câu chuyện về hương thơm và sắc hoa, nơi vẻ đẹp người phụ nữ được cảm nhận bằng cả dáng vẻ, chuyển động và dấu ấn để lại.""},""editorial_opening"":[{""heading"":""Có những mùi hương không chỉ tồn tại trong khoảnh khắc, mà lan nhẹ trong không gian và ở lại bằng một cảm giác rất riêng."",""body"":""Xuân Diệm Khai Hoa bắt đầu từ tinh thần ấy. Cũng như vẻ đẹp của người phụ nữ không chỉ nằm ở dáng vẻ bên ngoài, mà còn ở cách cô ấy xuất hiện, lan tỏa và để lại dấu ấn trong lòng người đối diện.""},{""heading"":""Mùa xuân luôn khiến vẻ đẹp trở nên sống động hơn, như những cánh hoa mở ra sau một khoảng thời gian chờ đợi."",""body"":""Từ sự kết hợp giữa XÉO XỌ và Comfort, bộ sưu tập được tạo nên như một trải nghiệm đa giác quan. Mỗi thiết kế không chỉ được nhìn bằng màu sắc và phom dáng, mà còn được cảm nhận qua tinh thần mềm mại, thơm lành và đầy sức sống.""},{""heading"":""Và rồi, vẻ đẹp đáng nhớ nhất có lẽ là vẻ đẹp biết cách lan tỏa mà không cần quá ồn ào."",""body"":""Xuân Diệm Khai Hoa dành cho những người phụ nữ muốn mang theo cảm giác tươi mới trong từng khoảnh khắc. Bộ sưu tập gửi gắm tinh thần khai hoa, nơi mỗi thiết kế như một cánh hoa mở ra, dịu dàng nhưng vẫn có sức hút riêng.""}],""story"":{""heading"":""Chạm vào mùa xuân đang khai hoa"",""body"":""Xuân Diệm Khai Hoa mở ra bằng cảm giác của hương thơm, cánh hoa và sự lan tỏa. Thiết kế tập trung vào sự mềm mại, nữ tính và cảm giác tươi mới trong từng chuyển động.""},""sections"":[{""heading"":""Mảng màu hoa và từng thước vải"",""body"":""Bộ sưu tập sử dụng những gam màu gợi nhớ đến hoa xuân và hương thơm dịu nhẹ. Trên nền chất liệu mềm mại, các sắc độ được phối hợp để tạo cảm giác trong trẻo, sống động và giàu cảm xúc.""},{""heading"":""Khi hương thơm trở thành cảm hứng"",""body"":""Từ tinh thần của Comfort đến ngôn ngữ thiết kế của XÉO XỌ, Xuân Diệm Khai Hoa chuyển hóa hương thơm thành hình ảnh, màu sắc và phom dáng. Mỗi thiết kế là một cách cảm nhận vẻ đẹp bằng nhiều tầng cảm xúc.""},{""heading"":""Khi khai hoa trở thành dấu ấn"",""body"":""Không chỉ là bộ sưu tập mùa xuân, Xuân Diệm Khai Hoa còn là lời tôn vinh vẻ đẹp biết lan tỏa. Trang phục dành cho những người phụ nữ muốn xuất hiện nhẹ nhàng, tươi mới và để lại dư âm riêng.""}]}"
Cảnh Giang,canh-giang,"Cảnh Giang là bộ sưu tập áo dài lấy cảm hứng từ không gian sông nước, nhịp chảy êm đềm và vẻ đẹp khoan hòa của mùa xuân vừa chạm ngõ.",https://xeoxo.com/vn/wp-content/uploads/sites/2/2026/01/DSCF6325-copy-3.jpg,"Không gian sông nước khi xuân vừa chạm ngõ mang theo một nhịp chảy êm đềm, trong trẻo và khoan hòa. Mặt nước phẳng lặng, ánh sáng dịu nhẹ lan đều, mọi chuyển động dường như chậm lại vừa đủ để người ta nhận ra sự hiện diện của từng khoảnh khắc. Bộ sưu tập được hình thành từ cảm giác ấy. Áo dài trong Cảnh Giang không tìm đến sự phô bày, mà đặt trọng tâm vào trải nghiệm khi mặc, nhẹ trên cơ thể, mềm trong chuyển động và đủ tĩnh để người mặc cảm nhận trọn vẹn từng khoảnh khắc. Thiết kế hai lớp, bốn tà mở ra những lớp áo uyển chuyển, để mỗi bước đi tạo nên nhịp chuyển động tự nhiên, như mặt nước khẽ lay khi có gió thoảng qua. Chất liệu lụa và tơ tằm được lựa chọn để giữ trọn sự mềm mại và thoáng nhẹ. Khi chạm vào ánh sáng, bề mặt vải phản chiếu vừa đủ, tạo nên chiều sâu tinh tế mà không làm mất đi vẻ nền nã vốn có. Từng đường nét được xử lý tiết chế, giữ cho tổng thể luôn cân bằng và thanh nhã. Bảng màu của Cảnh Giang gợi nhắc đến sắc xuân dịu dàng của những ngày đầu năm. Những gam màu trong, nhẹ và hài hòa, như sắc nước, sắc mây và ánh sáng sớm còn vương trên mặt sông. Màu sắc hiện diện một cách chừng mực, để tổng thể giữ được cảm giác mát lành và yên tĩnh, như một khoảng nghỉ giữa nhịp sống đang trôi. Có lẽ bộ sưu tập khép lại như mặt nước yên trong một buổi sớm đầu năm. Mời chị ghé XÉO XỌ, cùng chậm lại một nhịp và để Cảnh Giang thì thầm câu chuyện của riêng mình trong dịp đầu xuân này nhé!",Summer,2025-06-27,ACTIVE,collection_page,2026-06-27 14:38:33,,"{""hero"":{""eyebrow"":""Xuân Hè 2025"",""subtitle"":""Bộ sưu tập"",""title"":""Cảnh Giang"",""description"":""Cảnh Giang kể câu chuyện về dòng nước, ánh sáng dịu và nhịp chảy khoan hòa được chuyển hóa thành vẻ đẹp mềm mại của áo dài.""},""editorial_opening"":[{""heading"":""Có những không gian không cần quá nhiều chuyển động, chỉ một mặt nước phẳng lặng cũng đủ khiến lòng người dịu lại."",""body"":""Cảnh Giang bắt đầu từ cảm giác của sông nước khi xuân vừa chạm ngõ. Ánh sáng lan đều trên mặt nước, mọi chuyển động dường như chậm lại vừa đủ để người ta nhận ra sự hiện diện của từng khoảnh khắc.""},{""heading"":""Vẻ đẹp của dòng sông nằm ở sự êm đềm, trong trẻo và khoan hòa mà nó mang theo."",""body"":""Áo dài trong Cảnh Giang không tìm đến sự phô bày, mà đặt trọng tâm vào trải nghiệm khi mặc. Thiết kế nhẹ trên cơ thể, mềm trong chuyển động và đủ thanh thoát để người mặc cảm nhận được vẻ đẹp của sự yên bình.""},{""heading"":""Và rồi, sự dịu dàng đẹp nhất có lẽ là khi ta biết lắng nghe nhịp chảy của chính mình."",""body"":""Cảnh Giang được tạo nên cho những khoảnh khắc người phụ nữ muốn trở về với vẻ đẹp nhẹ nhàng, sâu lắng và tự nhiên. Bộ sưu tập lưu giữ cảm giác của dòng nước, của ánh sáng và của những điều bình yên trong đời sống.""}],""story"":{""heading"":""Chạm vào nhịp chảy êm đềm"",""body"":""Cảnh Giang mở ra bằng cảm giác của mặt nước, ánh sáng và nhịp xuân chậm rãi. Các thiết kế áo dài tập trung vào độ mềm, độ rũ và sự thanh thoát khi người mặc chuyển động.""},""sections"":[{""heading"":""Mảng màu sông nước và từng thước vải"",""body"":""Bộ sưu tập sử dụng những sắc độ dịu, trong và có độ lắng, gợi cảm giác mặt nước phản chiếu ánh sáng. Trên nền chất liệu mềm, từng màu sắc tạo nên vẻ đẹp nhẹ nhàng và khoan hòa.""},{""heading"":""Khi dòng chảy trở thành cảm hứng"",""body"":""Từ nhịp chảy của sông đến sự chuyển động của tà áo, Cảnh Giang chuyển hóa cảm giác êm đềm thành phom dáng và chất liệu. Mỗi thiết kế là một lát cắt yên bình của mùa xuân.""},{""heading"":""Khi Cảnh Giang trở thành dấu ấn"",""body"":""Không chỉ là áo dài cho dịp đặc biệt, Cảnh Giang còn dành cho những khoảnh khắc cần sự thanh lịch và sâu lắng. Bộ sưu tập là lời gợi nhắc về vẻ đẹp dịu dàng, bền bỉ và giàu chất thơ.""}]}"
Kỳ Sa,ky-sa,"Kỳ Sa là bộ sưu tập gợi cảm hứng từ ánh kim, kim sa, sắc hoa rực rỡ và không khí lễ hội, tạo nên vẻ đẹp nổi bật nhưng vẫn mềm mại trên nền lụa.",https://xeoxo.com/vn/wp-content/uploads/sites/2/2025/12/X0781.jpg,"Kỳ Sa là sự hiện diện của ánh sáng dịu dàng và sắc màu rực rỡ. Kim sa lấp lánh trên nền lụa mềm, đủ để tạo nên điểm nhấn tinh tế cho những khoảnh khắc đáng nhớ. Ánh kim được xử lý vừa phải, bắt sáng theo từng chuyển động, mang đến cảm giác nhẹ nhàng mà vẫn cuốn hút. Muôn hoa hiện lên qua những họa tiết và sắc màu tươi sáng, gợi không khí lễ hội rộn ràng nhưng vẫn giữ được sự hài hòa. Những gam đỏ, vàng và các tông màu xuân được sắp đặt khéo léo, để mỗi thiết kế đều mang theo vẻ rạng rỡ rất riêng. Kỳ Sa mong được đồng hành cùng các chị trong những khoảnh khắc đẹp của năm – từ những ngày xuân hân hoan, những buổi gặp gỡ thân tình, đến các dịp lễ hội và sự kiện đáng nhớ. Mỗi tà áo là một khoảng sáng nhỏ, giúp người mặc cảm nhận trọn vẹn niềm vui, sự tự tin và nét duyên dáng rất riêng của mình. Hiện các thiết kế đã có mặt tại tiện 2 miền, cùng ghé chơi và ướm thử những thiết kế mới nhất chị nhé!",Spring,2025-05-27,ACTIVE,collection_page,2026-06-27 14:38:34,,"{""hero"":{""eyebrow"":""Xuân Hè 2025"",""subtitle"":""Bộ sưu tập"",""title"":""Kỳ Sa"",""description"":""Kỳ Sa kể câu chuyện về ánh sáng, kim sa và sắc hoa lễ hội, nơi sự lấp lánh được tiết chế để trở nên mềm mại và cuốn hút.""},""editorial_opening"":[{""heading"":""Có những khoảnh khắc chỉ cần một vệt sáng nhỏ cũng đủ khiến trang phục trở nên đáng nhớ."",""body"":""Kỳ Sa bắt đầu từ sự hiện diện của ánh sáng dịu dàng và sắc màu rực rỡ. Kim sa lấp lánh trên nền lụa mềm, vừa đủ để tạo điểm nhấn tinh tế cho những dịp đặc biệt mà không làm mất đi vẻ nhẹ nhàng của người mặc.""},{""heading"":""Sự rực rỡ đẹp nhất không nằm ở việc tỏa sáng quá mức, mà ở cách ánh sáng chuyển động cùng cơ thể."",""body"":""Ánh kim trong Kỳ Sa được xử lý vừa phải, bắt sáng theo từng bước đi và tạo cảm giác cuốn hút một cách mềm mại. Những gam đỏ, hồng, vàng và các họa tiết hoa mang đến không khí lễ hội rộn ràng nhưng vẫn giữ được sự hài hòa.""},{""heading"":""Và rồi, vẻ đẹp nổi bật nhất có lẽ là khi ta vẫn cảm thấy tự nhiên trong chính sự lấp lánh của mình."",""body"":""Kỳ Sa được tạo nên cho những khoảnh khắc cần một chút rực rỡ, một chút vui tươi và một dấu ấn khó quên. Bộ sưu tập giúp người mặc xuất hiện nổi bật nhưng vẫn giữ lại sự duyên dáng, nữ tính và thoải mái.""}],""story"":{""heading"":""Chạm vào ánh sáng của Kỳ Sa"",""body"":""Kỳ Sa mở ra bằng cảm giác lấp lánh trên nền chất liệu mềm. Thiết kế tập trung vào việc cân bằng giữa ánh kim, sắc hoa và phom dáng để tạo nên vẻ đẹp rực rỡ nhưng không phô trương.""},""sections"":[{""heading"":""Mảng màu lễ hội và từng thước vải"",""body"":""Bộ sưu tập sử dụng những gam màu tươi sáng cùng hiệu ứng kim sa bắt sáng. Trên nền lụa mềm, các sắc độ được phối hợp để tạo cảm giác vui tươi, nổi bật và giàu năng lượng.""},{""heading"":""Khi ánh kim trở thành cảm hứng"",""body"":""Từ chuyển động của ánh sáng đến hiệu ứng lấp lánh trên mặt vải, Kỳ Sa chuyển hóa tinh thần lễ hội thành chi tiết thiết kế. Mỗi thiết kế giữ lại một khoảnh khắc rực rỡ vừa đủ để người mặc tự tin hơn.""},{""heading"":""Khi Kỳ Sa trở thành dấu ấn"",""body"":""Không chỉ dành cho những dịp đặc biệt, Kỳ Sa còn là lựa chọn cho những ngày người phụ nữ muốn mình tươi sáng hơn. Bộ sưu tập là lời gợi nhắc rằng sự nổi bật vẫn có thể mềm mại, duyên dáng và rất riêng.""}]}"
ĐINH,dinh,"ĐINH là bộ sưu tập mang tinh thần tối giản, chắc chắn và hiện đại, gợi cảm hứng từ đường nét kiến trúc, phom dáng rõ ràng và vẻ đẹp tự tin của người mặc.",https://xeoxo.com/vn/wp-content/uploads/sites/2/2026/06/6000021-scaled.jpg,,Spring,2025-03-27,ACTIVE,collection_page,2026-06-27 14:38:35,,"{""hero"":{""eyebrow"":""Xuân Hè 2025"",""subtitle"":""Bộ sưu tập"",""title"":""ĐINH"",""description"":""ĐINH kể câu chuyện về đường nét, cấu trúc và vẻ đẹp hiện đại, nơi sự tối giản trở thành điểm nhấn mạnh mẽ trong từng thiết kế.""},""editorial_opening"":[{""heading"":""Có những vẻ đẹp không cần mềm mại để trở nên cuốn hút, mà được tạo nên từ đường nét rõ ràng và tinh thần vững vàng."",""body"":""ĐINH bắt đầu từ cảm giác của cấu trúc, của những phom dáng được kiểm soát và những chi tiết được đặt đúng vị trí. Bộ sưu tập lựa chọn sự tối giản như một ngôn ngữ, để người mặc nổi bật bằng khí chất thay vì sự cầu kỳ.""},{""heading"":""Sự hiện đại đôi khi nằm ở khả năng giữ lại những gì cần thiết nhất."",""body"":""Những thiết kế trong ĐINH tập trung vào đường cắt, tỷ lệ và cảm giác chắc chắn khi mặc. Chất liệu được lựa chọn để tạo phom rõ, giữ dáng tốt và mang đến vẻ ngoài gọn gàng, tự tin trong nhiều bối cảnh.""},{""heading"":""Và rồi, dấu ấn mạnh mẽ nhất có lẽ là khi trang phục không che lấp con người, mà làm rõ hơn cá tính của người mặc."",""body"":""ĐINH được tạo nên cho những người phụ nữ yêu sự rõ ràng, độc lập và khác biệt. Bộ sưu tập không cần quá nhiều chi tiết trang trí, bởi chính phom dáng, cấu trúc và thần thái người mặc đã đủ để tạo nên ấn tượng riêng.""}],""story"":{""heading"":""Chạm vào đường nét hiện đại"",""body"":""ĐINH mở ra bằng tinh thần cấu trúc và tối giản. Các thiết kế tập trung vào phom dáng rõ ràng, đường cắt gọn và cảm giác vững vàng, giúp người mặc xuất hiện tự tin hơn.""},""sections"":[{""heading"":""Mảng màu tối giản và từng thước vải"",""body"":""Bộ sưu tập sử dụng những gam màu có tính ứng dụng cao, dễ phối và đủ mạnh để tôn lên cấu trúc trang phục. Trên nền chất liệu giữ phom, từng sắc độ trở nên rõ ràng và hiện đại.""},{""heading"":""Khi cấu trúc trở thành cảm hứng"",""body"":""Từ đường nét kiến trúc đến tỷ lệ cơ thể, ĐINH chuyển hóa cảm giác chắc chắn thành phom dáng và chi tiết thiết kế. Mỗi sản phẩm được tiết chế để giữ lại sự sắc gọn, tự tin và khác biệt.""},{""heading"":""Khi ĐINH trở thành dấu ấn"",""body"":""Không chỉ là một bộ sưu tập thời trang, ĐINH còn là tuyên ngôn về cá tính. Trang phục dành cho những người phụ nữ muốn xuất hiện với vẻ ngoài hiện đại, độc lập và không cần phải phô trương để được nhớ đến.""}]}"
