collection_name,collection_url,slug,source,crawl_at
Thanh Xuân,https://xeoxo.com/vn/danh-muc/thanh-xuan/,thanh-xuan,header_menu,2026-06-26 14:52:11
La Khê,https://xeoxo.com/vn/danh-muc/la-khe/,la-khe,header_menu,2026-06-26 14:52:11
Dao Ngọc Các,https://xeoxo.com/vn/danh-muc/dao-ngoc-cac/,dao-ngoc-cac,header_menu,2026-06-26 14:52:11
Quý Chi,https://xeoxo.com/vn/danh-muc/quy-chi/,quy-chi,header_menu,2026-06-26 14:52:11
Hạ Khuê,https://xeoxo.com/vn/danh-muc/ha-khue/,ha-khue,header_menu,2026-06-26 14:52:11
Cát Điền,https://xeoxo.com/vn/danh-muc/cat-dien/,cat-dien,header_menu,2026-06-26 14:52:11
Sắc Kỳ Hương,https://xeoxo.com/vn/danh-muc/sac-ky-huong/,sac-ky-huong,header_menu,2026-06-26 14:52:11
Xuân Diệm Khai Hoa,https://xeoxo.com/vn/danh-muc/xuan-diem-khai-hoa/,xuan-diem-khai-hoa,header_menu,2026-06-26 14:52:11
Cảnh Giang,https://xeoxo.com/vn/danh-muc/canh-giang/,canh-giang,header_menu,2026-06-26 14:52:11
Kỳ Sa,https://xeoxo.com/vn/danh-muc/ky-sa/,ky-sa,header_menu,2026-06-26 14:52:11
ĐINH,https://xeoxo.com/vn/danh-muc/dinh/,dinh,header_menu,2026-06-26 14:52:11
